{
  "model_type": "xgboost",
  "version": "4.0",
  "trained_date": "2026-05-04T20:50:23.522875",
  "features": [
    "home_rolling_win_pct",
    "away_rolling_win_pct",
    "home_rolling_runs_scored",
    "away_rolling_runs_scored",
    "home_rolling_runs_allowed",
    "away_rolling_runs_allowed",
    "home_days_rest",
    "away_days_rest",
    "home_batting_avg",
    "away_batting_avg",
    "home_obp",
    "away_obp",
    "home_slg",
    "away_slg",
    "home_era",
    "away_era",
    "home_whip",
    "away_whip",
    "home_strikeouts",
    "away_strikeouts",
    "h2h_home_win_pct",
    "h2h_away_win_pct",
    "h2h_games_played",
    "month",
    "day_of_week",
    "is_weekend"
  ],
  "metrics": {
    "accuracy": 0.5048543689320388,
    "precision": 0.5384615384615384,
    "recall": 0.509090909090909,
    "f1": 0.5233644859813084,
    "roc_auc": 0.5340909090909091,
    "cv_mean": 0.5647058823529412,
    "cv_std": 0.03553837051057228,
    "train_size": 409,
    "test_size": 103
  },
  "feature_importances": {
    "home_rolling_win_pct": 0.04227586090564728,
    "away_rolling_win_pct": 0.040475450456142426,
    "home_rolling_runs_scored": 0.040129344910383224,
    "away_rolling_runs_scored": 0.04100887104868889,
    "home_rolling_runs_allowed": 0.040376245975494385,
    "away_rolling_runs_allowed": 0.04526970535516739,
    "home_days_rest": 0.04445638135075569,
    "away_days_rest": 0.037045687437057495,
    "home_batting_avg": 0.043960895389318466,
    "away_batting_avg": 0.0402696318924427,
    "home_obp": 0.038781702518463135,
    "away_obp": 0.040502652525901794,
    "home_slg": 0.03952284902334213,
    "away_slg": 0.04252660274505615,
    "home_era": 0.05184835568070412,
    "away_era": 0.052679650485515594,
    "home_whip": 0.05779401212930679,
    "away_whip": 0.03914482146501541,
    "home_strikeouts": 0.03765539824962616,
    "away_strikeouts": 0.03885101526975632,
    "h2h_home_win_pct": 0.04149956256151199,
    "h2h_away_win_pct": 0.0,
    "h2h_games_played": 0.0,
    "month": 0.05719957873225212,
    "day_of_week": 0.04672574996948242,
    "is_weekend": 0.0
  },
  "model_filename": "mlb_predictor_v4.0.joblib",
  "sklearn_version": "1.5.2"
}