{
  "model_type": "random_forest",
  "version": "2.0",
  "trained_date": "2026-04-17T19:37:23.987350",
  "features": [
    "home_rolling_win_pct",
    "away_rolling_win_pct",
    "home_rolling_runs_scored",
    "away_rolling_runs_scored",
    "home_rolling_runs_allowed",
    "away_rolling_runs_allowed",
    "home_days_rest",
    "away_days_rest",
    "home_batting_avg",
    "away_batting_avg",
    "home_obp",
    "away_obp",
    "home_slg",
    "away_slg",
    "home_era",
    "away_era",
    "home_whip",
    "away_whip",
    "home_strikeouts",
    "away_strikeouts",
    "h2h_home_win_pct",
    "h2h_away_win_pct",
    "h2h_games_played",
    "month",
    "day_of_week",
    "is_weekend"
  ],
  "metrics": {
    "accuracy": 0.5383903792784459,
    "precision": 0.5543905635648755,
    "recall": 0.7268041237113402,
    "f1": 0.6289962825278811,
    "roc_auc": 0.548302791149309,
    "cv_mean": 0.5425,
    "cv_std": 0.016634227690644286,
    "train_size": 4322,
    "test_size": 1081
  },
  "feature_importances": {
    "home_rolling_win_pct": 0.03353039991812187,
    "away_rolling_win_pct": 0.032793236391265766,
    "home_rolling_runs_scored": 0.06773857511897363,
    "away_rolling_runs_scored": 0.07124031492135838,
    "home_rolling_runs_allowed": 0.06479459238535665,
    "away_rolling_runs_allowed": 0.07059385244855437,
    "home_days_rest": 0.008374599877425738,
    "away_days_rest": 0.008652496566462763,
    "home_batting_avg": 0.03556224962567937,
    "away_batting_avg": 0.03361597071246789,
    "home_obp": 0.04176328520369788,
    "away_obp": 0.03882340338675054,
    "home_slg": 0.0392628205392465,
    "away_slg": 0.039651625376303186,
    "home_era": 0.04369612233648788,
    "away_era": 0.041624467620462256,
    "home_whip": 0.035794314394517614,
    "away_whip": 0.036613354833549765,
    "home_strikeouts": 0.041753545476979535,
    "away_strikeouts": 0.04243709733433783,
    "h2h_home_win_pct": 0.035513692164382195,
    "h2h_away_win_pct": 0.03585445520320403,
    "h2h_games_played": 0.021958674466409204,
    "month": 0.03026327869447895,
    "day_of_week": 0.038982721518332694,
    "is_weekend": 0.009110853485193453
  },
  "model_filename": "mlb_predictor_v2.0.joblib",
  "sklearn_version": "1.5.2"
}