{
  "model_type": "random_forest",
  "version": "3.0-rf-tw365",
  "trained_date": "2026-04-24T21:25:34.734803",
  "features": [
    "home_rolling_win_pct",
    "away_rolling_win_pct",
    "home_rolling_runs_scored",
    "away_rolling_runs_scored",
    "home_rolling_runs_allowed",
    "away_rolling_runs_allowed",
    "home_days_rest",
    "away_days_rest",
    "home_batting_avg",
    "away_batting_avg",
    "home_obp",
    "away_obp",
    "home_slg",
    "away_slg",
    "home_era",
    "away_era",
    "home_whip",
    "away_whip",
    "home_strikeouts",
    "away_strikeouts",
    "h2h_home_win_pct",
    "h2h_away_win_pct",
    "h2h_games_played",
    "month",
    "day_of_week",
    "is_weekend"
  ],
  "metrics": {
    "accuracy": 0.5508559919436052,
    "precision": 0.5598845598845599,
    "recall": 0.7334593572778828,
    "f1": 0.6350245499181669,
    "roc_auc": 0.552021543576038,
    "cv_mean": 0.5491679273827534,
    "cv_std": 0.013014107817008532,
    "train_size": 3968,
    "test_size": 993
  },
  "feature_importances": {
    "home_rolling_win_pct": 0.03250688388053811,
    "away_rolling_win_pct": 0.03452380060412957,
    "home_rolling_runs_scored": 0.06780990527843131,
    "away_rolling_runs_scored": 0.07015971600669033,
    "home_rolling_runs_allowed": 0.06442905256058054,
    "away_rolling_runs_allowed": 0.06684470184275178,
    "home_days_rest": 0.007362973471945503,
    "away_days_rest": 0.008816724035930087,
    "home_batting_avg": 0.03562142961328675,
    "away_batting_avg": 0.033263187451175256,
    "home_obp": 0.04319380740014526,
    "away_obp": 0.04181106036690483,
    "home_slg": 0.04101167482718598,
    "away_slg": 0.038613236230196156,
    "home_era": 0.04403578399201647,
    "away_era": 0.04309942713041834,
    "home_whip": 0.03753168934151733,
    "away_whip": 0.04064333825273721,
    "home_strikeouts": 0.04456349554104815,
    "away_strikeouts": 0.041780573638915616,
    "h2h_home_win_pct": 0.033852917254783045,
    "h2h_away_win_pct": 0.03435639230654713,
    "h2h_games_played": 0.018259863989400778,
    "month": 0.02894681929574069,
    "day_of_week": 0.03816715120924868,
    "is_weekend": 0.008794394477735374
  },
  "model_filename": "mlb_predictor_v3.0-rf-tw365.joblib",
  "sklearn_version": "1.5.2"
}
