{
  "model_type": "random_forest",
  "version": "3.0-rf-baseline",
  "trained_date": "2026-04-24T21:24:32.043135",
  "features": [
    "home_rolling_win_pct",
    "away_rolling_win_pct",
    "home_rolling_runs_scored",
    "away_rolling_runs_scored",
    "home_rolling_runs_allowed",
    "away_rolling_runs_allowed",
    "home_days_rest",
    "away_days_rest",
    "home_batting_avg",
    "away_batting_avg",
    "home_obp",
    "away_obp",
    "home_slg",
    "away_slg",
    "home_era",
    "away_era",
    "home_whip",
    "away_whip",
    "home_strikeouts",
    "away_strikeouts",
    "h2h_home_win_pct",
    "h2h_away_win_pct",
    "h2h_games_played",
    "month",
    "day_of_week",
    "is_weekend"
  ],
  "metrics": {
    "accuracy": 0.5478348439073515,
    "precision": 0.5578034682080925,
    "recall": 0.7296786389413988,
    "f1": 0.6322686322686323,
    "roc_auc": 0.5399134671794538,
    "cv_mean": 0.5491679273827534,
    "cv_std": 0.0062742636469977735,
    "train_size": 3968,
    "test_size": 993
  },
  "feature_importances": {
    "home_rolling_win_pct": 0.034842481357479284,
    "away_rolling_win_pct": 0.0330687817236009,
    "home_rolling_runs_scored": 0.06633685449899973,
    "away_rolling_runs_scored": 0.07386029594633142,
    "home_rolling_runs_allowed": 0.06714545115827834,
    "away_rolling_runs_allowed": 0.06861345199120436,
    "home_days_rest": 0.008243315865183688,
    "away_days_rest": 0.008872499214887282,
    "home_batting_avg": 0.035751507156851256,
    "away_batting_avg": 0.033991406572933765,
    "home_obp": 0.04113327479596667,
    "away_obp": 0.039055734034249834,
    "home_slg": 0.03905916438302419,
    "away_slg": 0.0392619316721004,
    "home_era": 0.04333421391048011,
    "away_era": 0.04178044701010842,
    "home_whip": 0.03612241527894659,
    "away_whip": 0.03587755071732629,
    "home_strikeouts": 0.042387097154393844,
    "away_strikeouts": 0.03806623081398707,
    "h2h_home_win_pct": 0.03616843007062179,
    "h2h_away_win_pct": 0.03731658385453703,
    "h2h_games_played": 0.02272762433511813,
    "month": 0.030076359159840034,
    "day_of_week": 0.037983445081152624,
    "is_weekend": 0.008923452242396893
  },
  "model_filename": "mlb_predictor_v3.0-rf-baseline.joblib",
  "sklearn_version": "1.5.2"
}
