{
  "model_type": "random_forest",
  "version": "2.1",
  "trained_date": "2026-04-21T20:14:44.577941",
  "features": [
    "home_rolling_win_pct",
    "away_rolling_win_pct",
    "home_rolling_runs_scored",
    "away_rolling_runs_scored",
    "home_rolling_runs_allowed",
    "away_rolling_runs_allowed",
    "home_days_rest",
    "away_days_rest",
    "home_batting_avg",
    "away_batting_avg",
    "home_obp",
    "away_obp",
    "home_slg",
    "away_slg",
    "home_era",
    "away_era",
    "home_whip",
    "away_whip",
    "home_strikeouts",
    "away_strikeouts",
    "h2h_home_win_pct",
    "h2h_away_win_pct",
    "h2h_games_played",
    "month",
    "day_of_week",
    "is_weekend"
  ],
  "metrics": {
    "accuracy": 0.5457115928369463,
    "precision": 0.5622377622377622,
    "recall": 0.7040280210157618,
    "f1": 0.6251944012441679,
    "roc_auc": 0.5518031380678365,
    "cv_mean": 0.5318246110325318,
    "cv_std": 0.0103938744389668,
    "train_size": 4243,
    "test_size": 1061
  },
  "feature_importances": {
    "home_rolling_win_pct": 0.03330517384616525,
    "away_rolling_win_pct": 0.033560488378256696,
    "home_rolling_runs_scored": 0.06843969356968137,
    "away_rolling_runs_scored": 0.0735141068459573,
    "home_rolling_runs_allowed": 0.06715225564858165,
    "away_rolling_runs_allowed": 0.06978416203022413,
    "home_days_rest": 0.007910027296359548,
    "away_days_rest": 0.008156205712402078,
    "home_batting_avg": 0.03499046074672246,
    "away_batting_avg": 0.03239066964184989,
    "home_obp": 0.041122844808002046,
    "away_obp": 0.03977821128063317,
    "home_slg": 0.03747497267043377,
    "away_slg": 0.03987030619923595,
    "home_era": 0.04549366135042335,
    "away_era": 0.04087316132742854,
    "home_whip": 0.037352888968544905,
    "away_whip": 0.03660531259900522,
    "home_strikeouts": 0.04180873866453706,
    "away_strikeouts": 0.03943686359452335,
    "h2h_home_win_pct": 0.03526781832109833,
    "h2h_away_win_pct": 0.03690362078276101,
    "h2h_games_played": 0.02213383428016921,
    "month": 0.030441133067353774,
    "day_of_week": 0.03737119772007718,
    "is_weekend": 0.008862190649572933
  },
  "model_filename": "mlb_predictor_v2.1.joblib",
  "sklearn_version": "1.5.2"
}