{
  "model_type": "random_forest",
  "version": "3.0-rf-tw180",
  "trained_date": "2026-04-24T21:25:40.639796",
  "features": [
    "home_rolling_win_pct",
    "away_rolling_win_pct",
    "home_rolling_runs_scored",
    "away_rolling_runs_scored",
    "home_rolling_runs_allowed",
    "away_rolling_runs_allowed",
    "home_days_rest",
    "away_days_rest",
    "home_batting_avg",
    "away_batting_avg",
    "home_obp",
    "away_obp",
    "home_slg",
    "away_slg",
    "home_era",
    "away_era",
    "home_whip",
    "away_whip",
    "home_strikeouts",
    "away_strikeouts",
    "h2h_home_win_pct",
    "h2h_away_win_pct",
    "h2h_games_played",
    "month",
    "day_of_week",
    "is_weekend"
  ],
  "metrics": {
    "accuracy": 0.5317220543806647,
    "precision": 0.5463768115942029,
    "recall": 0.7126654064272212,
    "f1": 0.6185397867104184,
    "roc_auc": 0.5421419724920148,
    "cv_mean": 0.5434190620272314,
    "cv_std": 0.008084955652579351,
    "train_size": 3968,
    "test_size": 993
  },
  "feature_importances": {
    "home_rolling_win_pct": 0.03356948212761485,
    "away_rolling_win_pct": 0.03402849630174831,
    "home_rolling_runs_scored": 0.06858054169678443,
    "away_rolling_runs_scored": 0.06971906485322858,
    "home_rolling_runs_allowed": 0.06398325673254808,
    "away_rolling_runs_allowed": 0.06999768614710702,
    "home_days_rest": 0.007776580343256232,
    "away_days_rest": 0.008299428986818002,
    "home_batting_avg": 0.036280795591435745,
    "away_batting_avg": 0.0350979849003732,
    "home_obp": 0.04412530865581626,
    "away_obp": 0.040845683971610695,
    "home_slg": 0.039354241564999705,
    "away_slg": 0.042073591067053634,
    "home_era": 0.041157025523077304,
    "away_era": 0.044099490335806374,
    "home_whip": 0.03782789434540517,
    "away_whip": 0.039610909569541386,
    "home_strikeouts": 0.0465409026105548,
    "away_strikeouts": 0.04131220818152925,
    "h2h_home_win_pct": 0.03296806313473135,
    "h2h_away_win_pct": 0.033857982111395575,
    "h2h_games_played": 0.015430264218307895,
    "month": 0.0285598486068677,
    "day_of_week": 0.035718543812833806,
    "is_weekend": 0.009184724609554596
  },
  "model_filename": "mlb_predictor_v3.0-rf-tw180.joblib",
  "sklearn_version": "1.5.2"
}