{
  "model_type": "xgboost",
  "version": "3.0-xgb",
  "trained_date": "2026-04-24T21:26:49.017490",
  "features": [
    "home_rolling_win_pct",
    "away_rolling_win_pct",
    "home_rolling_runs_scored",
    "away_rolling_runs_scored",
    "home_rolling_runs_allowed",
    "away_rolling_runs_allowed",
    "home_days_rest",
    "away_days_rest",
    "home_batting_avg",
    "away_batting_avg",
    "home_obp",
    "away_obp",
    "home_slg",
    "away_slg",
    "home_era",
    "away_era",
    "home_whip",
    "away_whip",
    "home_strikeouts",
    "away_strikeouts",
    "h2h_home_win_pct",
    "h2h_away_win_pct",
    "h2h_games_played",
    "month",
    "day_of_week",
    "is_weekend"
  ],
  "metrics": {
    "accuracy": 0.5146022155085599,
    "precision": 0.5393634840871022,
    "recall": 0.6086956521739131,
    "f1": 0.5719360568383659,
    "roc_auc": 0.519808030767225,
    "cv_mean": 0.5149773071104388,
    "cv_std": 0.01015307820608927,
    "train_size": 3968,
    "test_size": 993
  },
  "feature_importances": {
    "home_rolling_win_pct": 0.03645653650164604,
    "away_rolling_win_pct": 0.036823149770498276,
    "home_rolling_runs_scored": 0.03628404065966606,
    "away_rolling_runs_scored": 0.03807803988456726,
    "home_rolling_runs_allowed": 0.0355437695980072,
    "away_rolling_runs_allowed": 0.03643326461315155,
    "home_days_rest": 0.04017765820026398,
    "away_days_rest": 0.03988642990589142,
    "home_batting_avg": 0.03809025511145592,
    "away_batting_avg": 0.03563474863767624,
    "home_obp": 0.03930327296257019,
    "away_obp": 0.03865338861942291,
    "home_slg": 0.035511188209056854,
    "away_slg": 0.0426272451877594,
    "home_era": 0.04270157590508461,
    "away_era": 0.04024510458111763,
    "home_whip": 0.041117049753665924,
    "away_whip": 0.042805809527635574,
    "home_strikeouts": 0.04270394518971443,
    "away_strikeouts": 0.04181669279932976,
    "h2h_home_win_pct": 0.039837680757045746,
    "h2h_away_win_pct": 0.04021141678094864,
    "h2h_games_played": 0.0384063683450222,
    "month": 0.03861355036497116,
    "day_of_week": 0.03419804945588112,
    "is_weekend": 0.02783971093595028
  },
  "model_filename": "mlb_predictor_v3.0-xgb.joblib",
  "sklearn_version": "1.5.2"
}