{
  "model_type": "random_forest",
  "version": "1.0",
  "trained_date": "2025-10-15T21:44:37.201295",
  "features": [
    "home_rolling_win_pct",
    "away_rolling_win_pct",
    "home_rolling_runs_scored",
    "away_rolling_runs_scored",
    "home_rolling_runs_allowed",
    "away_rolling_runs_allowed",
    "home_days_rest",
    "away_days_rest",
    "home_batting_avg",
    "away_batting_avg",
    "home_obp",
    "away_obp",
    "home_slg",
    "away_slg",
    "home_era",
    "away_era",
    "home_whip",
    "away_whip",
    "home_strikeouts",
    "away_strikeouts",
    "h2h_home_win_pct",
    "h2h_away_win_pct",
    "h2h_games_played",
    "month",
    "day_of_week",
    "is_weekend"
  ],
  "metrics": {
    "accuracy": 0.5911330049261084,
    "precision": 0.59375,
    "recall": 0.7102803738317757,
    "f1": 0.6468085106382979,
    "roc_auc": 0.6087422118380063,
    "cv_mean": 0.49402985074626865,
    "cv_std": 0.032494837398622765,
    "train_size": 808,
    "test_size": 203
  },
  "feature_importances": {
    "home_rolling_win_pct": 0.04001915776344174,
    "away_rolling_win_pct": 0.03923982774335253,
    "home_rolling_runs_scored": 0.062256414588757955,
    "away_rolling_runs_scored": 0.07171277581327469,
    "home_rolling_runs_allowed": 0.0830324271419793,
    "away_rolling_runs_allowed": 0.08403129242642443,
    "home_days_rest": 0.008231704394604453,
    "away_days_rest": 0.005499427640214616,
    "home_batting_avg": 0.035461950422492436,
    "away_batting_avg": 0.03894317778753096,
    "home_obp": 0.035081709426661375,
    "away_obp": 0.039185103990911345,
    "home_slg": 0.04135345618919721,
    "away_slg": 0.04477133337204235,
    "home_era": 0.03896522711540301,
    "away_era": 0.04063781612057576,
    "home_whip": 0.03471251963563135,
    "away_whip": 0.03104111316879164,
    "home_strikeouts": 0.05209921098258136,
    "away_strikeouts": 0.040374474612492446,
    "h2h_home_win_pct": 0.028824071390500427,
    "h2h_away_win_pct": 0.028783775141142783,
    "h2h_games_played": 0.007943864212415667,
    "month": 0.01665941623450471,
    "day_of_week": 0.04167646241390021,
    "is_weekend": 0.009462290271175263
  },
  "model_filename": "mlb_predictor_v1.0.joblib",
  "sklearn_version": "1.5.2"
}